{"count":1,"self":7225.8101247999994,"total":8981.0812143,"children":{"InitializeActuators":{"count":16,"self":0.0009998,"total":0.0009998,"children":null},"InitializeSensors":{"count":16,"self":0.0009994,"total":0.0009994,"children":null},"AgentSendState":{"count":625184,"self":56.1995392,"total":71.9960189,"children":{"CollectObservations":{"count":2000592,"self":1.6716864,"total":1.6716864,"children":null},"WriteActionMask":{"count":2000592,"self":0.38059699999999996,"total":0.38059699999999996,"children":null},"RequestDecision":{"count":2000592,"self":2.2514564,"total":13.744199199999999,"children":{"AgentInfo.ToProto":{"count":2000592,"self":1.7629531999999999,"total":11.492742699999999,"children":{"GenerateSensorData":{"count":2000592,"self":8.213872799999999,"total":9.7297896,"children":{"RayPerceptionSensor.Perceive":{"count":2000592,"self":1.5159169,"total":1.5159169,"children":null}}}}}}}}},"DecideAction":{"count":625184,"self":1673.2378112,"total":1673.2378615,"children":null},"AgentAct":{"count":625184,"self":10.021248,"total":10.0352955,"children":{"AgentInfo.ToProto":{"count":870,"self":0.0030237,"total":0.014047299999999999,"children":{"GenerateSensorData":{"count":870,"self":0.008505,"total":0.0110236,"children":{"RayPerceptionSensor.Perceive":{"count":870,"self":0.0025185999999999997,"total":0.0025185999999999997,"children":null}}}}}}}},"gauges":{"takip.CumulativeReward":{"count":870,"max":20,"min":-1,"runningAverage":4.70230246,"value":10,"weightedAverage":7.15496159}},"metadata":{"timer_format_version":"0.1.0","start_time_seconds":"1716149564","unity_version":"2022.3.29f1","command_line_arguments":"C:\\Program Files\\Unity\\Hub\\Editor\\2022.3.29f1\\Editor\\Unity.exe -projectpath C:\\Users\\Zeynep\\Documents\\Unity\\Grup82 -useHub -hubIPC -cloudEnvironment production","communication_protocol_version":"1.5.0","com.unity.ml-agents_version":"3.0.0-exp.1","scene_name":"mainMenu","end_time_seconds":"1716158545"}}